{"accuracy": 0.8462635902986176, "precision": 0.15872756933115822, "recall": 0.47095837366892546}