{"accuracy": 0.8554877748807005, "precision": 0.1613620199146515, "recall": 0.4392545982575024}