{"accuracy": 0.8428335957488683, "precision": 0.1550183500877613, "recall": 0.470573988859288}